{
  "confidence": {
    "auc": 0.5262971243750013,
    "accuracy": 0.8019943535543651,
    "precision": 0.8020088679757488,
    "recall": 0.9999774347865331,
    "f1": 0.8901186088318888
  },
  "entropy": {
    "auc": 0.5262971243750013,
    "accuracy": 0.8019943535543651,
    "precision": 0.8020088679757488,
    "recall": 0.9999774347865331,
    "f1": 0.8901186088318888
  },
  "loss": {
    "auc": 0.561402106452364,
    "accuracy": 0.8126538294483857,
    "precision": 0.8115963302752294,
    "recall": 0.9981045220687788,
    "f1": 0.8952396373056994
  }
}