{
  "confidence": {
    "auc": 0.5247391820221501,
    "accuracy": 0.8019943535543651,
    "precision": 0.8020088679757488,
    "recall": 0.9999774347865331,
    "f1": 0.8901186088318889
  },
  "entropy": {
    "auc": 0.5247391820221501,
    "accuracy": 0.8019943535543651,
    "precision": 0.8020088679757488,
    "recall": 0.9999774347865331,
    "f1": 0.8901186088318889
  },
  "loss": {
    "auc": 0.559901238207304,
    "accuracy": 0.812834805270016,
    "precision": 0.8116880733944954,
    "recall": 0.9982173481361134,
    "f1": 0.8953408354922281
  }
}