{
  "confidence": {
    "auc": 0.6328352757466957,
    "accuracy": 0.8017865589637231,
    "precision": 0.801979294100462,
    "recall": 0.9988629127626671,
    "f1": 0.8896585948814552
  },
  "entropy": {
    "auc": 0.6328352757466957,
    "accuracy": 0.801731979769312,
    "precision": 0.8022996490201814,
    "recall": 0.9981124351860274,
    "f1": 0.8895577445376789
  },
  "loss": {
    "auc": 0.6645467967435442,
    "accuracy": 0.8213622966925008,
    "precision": 0.8175073908112229,
    "recall": 0.9999090330210134,
    "f1": 0.8995550099739144
  }
}