{
  "confidence": {
    "auc": 0.5109701773757306,
    "accuracy": 0.7999241863571545,
    "precision": 0.7999386259431749,
    "recall": 0.9999774347865331,
    "f1": 0.888842088372746
  },
  "entropy": {
    "auc": 0.5109701773757306,
    "accuracy": 0.7999241863571545,
    "precision": 0.7999386259431749,
    "recall": 0.9999774347865331,
    "f1": 0.888842088372746
  },
  "loss": {
    "auc": 0.5593917293938067,
    "accuracy": 0.8173252224769401,
    "precision": 0.8145211728781134,
    "recall": 0.999165087101724,
    "f1": 0.897444212489106
  }
}