{
  "timestamp": "2025-08-01T22:45:49.143240",
  "total_time": 171.8329827785492,
  "steps": {
    "Naive RF training": 12.651360750198364,
    "Federated RF training": 13.696506023406982,
    "Federated RF + DP training": 17.023842096328735,
    "MIA attack on naive model": 15.43423342704773,
    "MIA attack on federated model": 8.151834964752197,
    "MIA attack on federated + DP model": 5.8587422370910645,
    "Model inversion attacks": 6.826366186141968,
    "Attribute inference attacks": 92.19009709358215
  }
}