{
  "accuracy": 0.8923958522830635,
  "auc": 0.5701369449591209,
  "n_estimators": 100
}