{
  "confidence": {
    "auc": 0.6354179810639415,
    "accuracy": 0.8016774005749009,
    "precision": 0.8018363360896629,
    "recall": 0.9989766214864004,
    "f1": 0.8896157156599666
  },
  "entropy": {
    "auc": 0.6354179810639415,
    "accuracy": 0.8016774005749009,
    "precision": 0.8022225065340961,
    "recall": 0.9981806604202674,
    "f1": 0.8895374170339971
  },
  "loss": {
    "auc": 0.6669191585046405,
    "accuracy": 0.82165338572936,
    "precision": 0.8177270275799222,
    "recall": 0.9999545165105067,
    "f1": 0.8997063728348832
  }
}