{
    "accuracy": 0.49027027027027026,
    "precision": 0.0934778745334992,
    "recall": 0.4856879039704525,
    "auc": 0.4915484857644129
}