{
    "accuracy": 0.8946846846846847,
    "precision": 0.2871287128712871,
    "recall": 0.05355493998153278,
    "auc": 0.5905382825189791
}