{
  "confidence": {
    "auc": 0.525816336859468,
    "accuracy": 0.7999241863571545,
    "precision": 0.7999386259431749,
    "recall": 0.9999774347865331,
    "f1": 0.8888420883727461
  },
  "entropy": {
    "auc": 0.525816336859468,
    "accuracy": 0.7999241863571545,
    "precision": 0.7999386259431749,
    "recall": 0.9999774347865331,
    "f1": 0.8888420883727461
  }
}