{
  "confidence": {
    "auc": 0.5029180793288417,
    "accuracy": 0.7999241863571545,
    "precision": 0.7999386259431749,
    "recall": 0.9999774347865331,
    "f1": 0.8888420883727461
  },
  "entropy": {
    "auc": 0.5029180793288417,
    "accuracy": 0.7999241863571545,
    "precision": 0.7999386259431749,
    "recall": 0.9999774347865331,
    "f1": 0.8888420883727461
  },
  "loss": {
    "auc": 0.5516675110450235,
    "accuracy": 0.8172169172728749,
    "precision": 0.8146396230582346,
    "recall": 0.9987589132593194,
    "f1": 0.8973522017679021
  }
}