{
    "accuracy": 0.49018018018018017,
    "precision": 0.09346126510305615,
    "recall": 0.4856879039704525,
    "auc": 0.49154599692065504
}