{
    "accuracy": 0.7018018018018019,
    "precision": 0.1198361215431888,
    "recall": 0.32409972299168976,
    "auc": 0.545870173982162
}