{
  "accuracy": 0.89348735674004,
  "auc": 0.5714788205614356,
  "n_estimators": 100
}