{
    "accuracy": 0.8946846846846847,
    "precision": 0.2828282828282828,
    "recall": 0.05170821791320406,
    "auc": 0.5923348589945568
}